--
-- PostgreSQL database dump
--

-- Dumped from database version 17.0
-- Dumped by pg_dump version 17.0

-- Started on 2024-11-18 19:24:13

SET statement_timeout = 0;
SET lock_timeout = 0;
SET idle_in_transaction_session_timeout = 0;
SET transaction_timeout = 0;
SET client_encoding = 'UTF8';
SET standard_conforming_strings = on;
SELECT pg_catalog.set_config('search_path', '', false);
SET check_function_bodies = false;
SET xmloption = content;
SET client_min_messages = warning;
SET row_security = off;

SET default_tablespace = '';

SET default_table_access_method = heap;

--
-- TOC entry 224 (class 1259 OID 16413)
-- Name: auth_group; Type: TABLE; Schema: public; Owner: postgres
--

CREATE TABLE public.auth_group (
    id integer NOT NULL,
    name character varying(150) NOT NULL
);


ALTER TABLE public.auth_group OWNER TO postgres;

--
-- TOC entry 223 (class 1259 OID 16412)
-- Name: auth_group_id_seq; Type: SEQUENCE; Schema: public; Owner: postgres
--

ALTER TABLE public.auth_group ALTER COLUMN id ADD GENERATED BY DEFAULT AS IDENTITY (
    SEQUENCE NAME public.auth_group_id_seq
    START WITH 1
    INCREMENT BY 1
    NO MINVALUE
    NO MAXVALUE
    CACHE 1
);


--
-- TOC entry 226 (class 1259 OID 16421)
-- Name: auth_group_permissions; Type: TABLE; Schema: public; Owner: postgres
--

CREATE TABLE public.auth_group_permissions (
    id bigint NOT NULL,
    group_id integer NOT NULL,
    permission_id integer NOT NULL
);


ALTER TABLE public.auth_group_permissions OWNER TO postgres;

--
-- TOC entry 225 (class 1259 OID 16420)
-- Name: auth_group_permissions_id_seq; Type: SEQUENCE; Schema: public; Owner: postgres
--

ALTER TABLE public.auth_group_permissions ALTER COLUMN id ADD GENERATED BY DEFAULT AS IDENTITY (
    SEQUENCE NAME public.auth_group_permissions_id_seq
    START WITH 1
    INCREMENT BY 1
    NO MINVALUE
    NO MAXVALUE
    CACHE 1
);


--
-- TOC entry 222 (class 1259 OID 16407)
-- Name: auth_permission; Type: TABLE; Schema: public; Owner: postgres
--

CREATE TABLE public.auth_permission (
    id integer NOT NULL,
    name character varying(255) NOT NULL,
    content_type_id integer NOT NULL,
    codename character varying(100) NOT NULL
);


ALTER TABLE public.auth_permission OWNER TO postgres;

--
-- TOC entry 221 (class 1259 OID 16406)
-- Name: auth_permission_id_seq; Type: SEQUENCE; Schema: public; Owner: postgres
--

ALTER TABLE public.auth_permission ALTER COLUMN id ADD GENERATED BY DEFAULT AS IDENTITY (
    SEQUENCE NAME public.auth_permission_id_seq
    START WITH 1
    INCREMENT BY 1
    NO MINVALUE
    NO MAXVALUE
    CACHE 1
);


--
-- TOC entry 228 (class 1259 OID 16427)
-- Name: auth_user; Type: TABLE; Schema: public; Owner: postgres
--

CREATE TABLE public.auth_user (
    id integer NOT NULL,
    password character varying(128) NOT NULL,
    last_login timestamp with time zone,
    is_superuser boolean NOT NULL,
    username character varying(150) NOT NULL,
    first_name character varying(150) NOT NULL,
    last_name character varying(150) NOT NULL,
    email character varying(254) NOT NULL,
    is_staff boolean NOT NULL,
    is_active boolean NOT NULL,
    date_joined timestamp with time zone NOT NULL
);


ALTER TABLE public.auth_user OWNER TO postgres;

--
-- TOC entry 230 (class 1259 OID 16435)
-- Name: auth_user_groups; Type: TABLE; Schema: public; Owner: postgres
--

CREATE TABLE public.auth_user_groups (
    id bigint NOT NULL,
    user_id integer NOT NULL,
    group_id integer NOT NULL
);


ALTER TABLE public.auth_user_groups OWNER TO postgres;

--
-- TOC entry 229 (class 1259 OID 16434)
-- Name: auth_user_groups_id_seq; Type: SEQUENCE; Schema: public; Owner: postgres
--

ALTER TABLE public.auth_user_groups ALTER COLUMN id ADD GENERATED BY DEFAULT AS IDENTITY (
    SEQUENCE NAME public.auth_user_groups_id_seq
    START WITH 1
    INCREMENT BY 1
    NO MINVALUE
    NO MAXVALUE
    CACHE 1
);


--
-- TOC entry 227 (class 1259 OID 16426)
-- Name: auth_user_id_seq; Type: SEQUENCE; Schema: public; Owner: postgres
--

ALTER TABLE public.auth_user ALTER COLUMN id ADD GENERATED BY DEFAULT AS IDENTITY (
    SEQUENCE NAME public.auth_user_id_seq
    START WITH 1
    INCREMENT BY 1
    NO MINVALUE
    NO MAXVALUE
    CACHE 1
);


--
-- TOC entry 232 (class 1259 OID 16441)
-- Name: auth_user_user_permissions; Type: TABLE; Schema: public; Owner: postgres
--

CREATE TABLE public.auth_user_user_permissions (
    id bigint NOT NULL,
    user_id integer NOT NULL,
    permission_id integer NOT NULL
);


ALTER TABLE public.auth_user_user_permissions OWNER TO postgres;

--
-- TOC entry 231 (class 1259 OID 16440)
-- Name: auth_user_user_permissions_id_seq; Type: SEQUENCE; Schema: public; Owner: postgres
--

ALTER TABLE public.auth_user_user_permissions ALTER COLUMN id ADD GENERATED BY DEFAULT AS IDENTITY (
    SEQUENCE NAME public.auth_user_user_permissions_id_seq
    START WITH 1
    INCREMENT BY 1
    NO MINVALUE
    NO MAXVALUE
    CACHE 1
);


--
-- TOC entry 234 (class 1259 OID 16499)
-- Name: django_admin_log; Type: TABLE; Schema: public; Owner: postgres
--

CREATE TABLE public.django_admin_log (
    id integer NOT NULL,
    action_time timestamp with time zone NOT NULL,
    object_id text,
    object_repr character varying(200) NOT NULL,
    action_flag smallint NOT NULL,
    change_message text NOT NULL,
    content_type_id integer,
    user_id integer NOT NULL,
    CONSTRAINT django_admin_log_action_flag_check CHECK ((action_flag >= 0))
);


ALTER TABLE public.django_admin_log OWNER TO postgres;

--
-- TOC entry 233 (class 1259 OID 16498)
-- Name: django_admin_log_id_seq; Type: SEQUENCE; Schema: public; Owner: postgres
--

ALTER TABLE public.django_admin_log ALTER COLUMN id ADD GENERATED BY DEFAULT AS IDENTITY (
    SEQUENCE NAME public.django_admin_log_id_seq
    START WITH 1
    INCREMENT BY 1
    NO MINVALUE
    NO MAXVALUE
    CACHE 1
);


--
-- TOC entry 220 (class 1259 OID 16399)
-- Name: django_content_type; Type: TABLE; Schema: public; Owner: postgres
--

CREATE TABLE public.django_content_type (
    id integer NOT NULL,
    app_label character varying(100) NOT NULL,
    model character varying(100) NOT NULL
);


ALTER TABLE public.django_content_type OWNER TO postgres;

--
-- TOC entry 219 (class 1259 OID 16398)
-- Name: django_content_type_id_seq; Type: SEQUENCE; Schema: public; Owner: postgres
--

ALTER TABLE public.django_content_type ALTER COLUMN id ADD GENERATED BY DEFAULT AS IDENTITY (
    SEQUENCE NAME public.django_content_type_id_seq
    START WITH 1
    INCREMENT BY 1
    NO MINVALUE
    NO MAXVALUE
    CACHE 1
);


--
-- TOC entry 218 (class 1259 OID 16391)
-- Name: django_migrations; Type: TABLE; Schema: public; Owner: postgres
--

CREATE TABLE public.django_migrations (
    id bigint NOT NULL,
    app character varying(255) NOT NULL,
    name character varying(255) NOT NULL,
    applied timestamp with time zone NOT NULL
);


ALTER TABLE public.django_migrations OWNER TO postgres;

--
-- TOC entry 217 (class 1259 OID 16390)
-- Name: django_migrations_id_seq; Type: SEQUENCE; Schema: public; Owner: postgres
--

ALTER TABLE public.django_migrations ALTER COLUMN id ADD GENERATED BY DEFAULT AS IDENTITY (
    SEQUENCE NAME public.django_migrations_id_seq
    START WITH 1
    INCREMENT BY 1
    NO MINVALUE
    NO MAXVALUE
    CACHE 1
);


--
-- TOC entry 235 (class 1259 OID 16527)
-- Name: django_session; Type: TABLE; Schema: public; Owner: postgres
--

CREATE TABLE public.django_session (
    session_key character varying(40) NOT NULL,
    session_data text NOT NULL,
    expire_date timestamp with time zone NOT NULL
);


ALTER TABLE public.django_session OWNER TO postgres;

--
-- TOC entry 239 (class 1259 OID 16546)
-- Name: location_biens_avis; Type: TABLE; Schema: public; Owner: postgres
--

CREATE TABLE public.location_biens_avis (
    id bigint NOT NULL,
    note integer NOT NULL,
    commentaire text NOT NULL,
    utilisateur_id integer NOT NULL,
    bien_id bigint NOT NULL,
    date_creation timestamp with time zone NOT NULL,
    nom_utilisateur character varying(100) NOT NULL
);


ALTER TABLE public.location_biens_avis OWNER TO postgres;

--
-- TOC entry 238 (class 1259 OID 16545)
-- Name: location_biens_avis_id_seq; Type: SEQUENCE; Schema: public; Owner: postgres
--

ALTER TABLE public.location_biens_avis ALTER COLUMN id ADD GENERATED BY DEFAULT AS IDENTITY (
    SEQUENCE NAME public.location_biens_avis_id_seq
    START WITH 1
    INCREMENT BY 1
    NO MINVALUE
    NO MAXVALUE
    CACHE 1
);


--
-- TOC entry 237 (class 1259 OID 16538)
-- Name: location_biens_bien; Type: TABLE; Schema: public; Owner: postgres
--

CREATE TABLE public.location_biens_bien (
    id bigint NOT NULL,
    titre character varying(100) NOT NULL,
    description text NOT NULL,
    prix_par_jour numeric(10,2) NOT NULL,
    disponible boolean NOT NULL,
    date_creation timestamp with time zone NOT NULL,
    proprietaire_id integer NOT NULL,
    "est_publié" boolean NOT NULL,
    image character varying(100),
    date_debut_disponibilite date,
    date_fin_disponibilite date NOT NULL,
    nom character varying(100) NOT NULL,
    prix numeric(10,2) NOT NULL
);


ALTER TABLE public.location_biens_bien OWNER TO postgres;

--
-- TOC entry 236 (class 1259 OID 16537)
-- Name: location_biens_bien_id_seq; Type: SEQUENCE; Schema: public; Owner: postgres
--

ALTER TABLE public.location_biens_bien ALTER COLUMN id ADD GENERATED BY DEFAULT AS IDENTITY (
    SEQUENCE NAME public.location_biens_bien_id_seq
    START WITH 1
    INCREMENT BY 1
    NO MINVALUE
    NO MAXVALUE
    CACHE 1
);


--
-- TOC entry 241 (class 1259 OID 16554)
-- Name: location_biens_reservation; Type: TABLE; Schema: public; Owner: postgres
--

CREATE TABLE public.location_biens_reservation (
    id bigint NOT NULL,
    date_debut date NOT NULL,
    date_fin date NOT NULL,
    montant_total numeric(10,2) NOT NULL,
    confirme boolean NOT NULL,
    bien_id bigint NOT NULL,
    locataire_id integer NOT NULL,
    date_reservation date NOT NULL,
    utilisateur_id integer NOT NULL
);


ALTER TABLE public.location_biens_reservation OWNER TO postgres;

--
-- TOC entry 240 (class 1259 OID 16553)
-- Name: location_biens_reservation_id_seq; Type: SEQUENCE; Schema: public; Owner: postgres
--

ALTER TABLE public.location_biens_reservation ALTER COLUMN id ADD GENERATED BY DEFAULT AS IDENTITY (
    SEQUENCE NAME public.location_biens_reservation_id_seq
    START WITH 1
    INCREMENT BY 1
    NO MINVALUE
    NO MAXVALUE
    CACHE 1
);


--
-- TOC entry 245 (class 1259 OID 16633)
-- Name: location_biens_review; Type: TABLE; Schema: public; Owner: postgres
--

CREATE TABLE public.location_biens_review (
    id bigint NOT NULL,
    content text NOT NULL,
    rating integer NOT NULL
);


ALTER TABLE public.location_biens_review OWNER TO postgres;

--
-- TOC entry 244 (class 1259 OID 16632)
-- Name: location_biens_review_id_seq; Type: SEQUENCE; Schema: public; Owner: postgres
--

ALTER TABLE public.location_biens_review ALTER COLUMN id ADD GENERATED BY DEFAULT AS IDENTITY (
    SEQUENCE NAME public.location_biens_review_id_seq
    START WITH 1
    INCREMENT BY 1
    NO MINVALUE
    NO MAXVALUE
    CACHE 1
);


--
-- TOC entry 243 (class 1259 OID 16607)
-- Name: location_biens_userprofile; Type: TABLE; Schema: public; Owner: postgres
--

CREATE TABLE public.location_biens_userprofile (
    id bigint NOT NULL,
    phone_number character varying(15) NOT NULL,
    address text NOT NULL,
    bio text,
    user_id integer NOT NULL
);


ALTER TABLE public.location_biens_userprofile OWNER TO postgres;

--
-- TOC entry 242 (class 1259 OID 16606)
-- Name: location_biens_userprofile_id_seq; Type: SEQUENCE; Schema: public; Owner: postgres
--

ALTER TABLE public.location_biens_userprofile ALTER COLUMN id ADD GENERATED BY DEFAULT AS IDENTITY (
    SEQUENCE NAME public.location_biens_userprofile_id_seq
    START WITH 1
    INCREMENT BY 1
    NO MINVALUE
    NO MAXVALUE
    CACHE 1
);


--
-- TOC entry 4944 (class 0 OID 16413)
-- Dependencies: 224
-- Data for Name: auth_group; Type: TABLE DATA; Schema: public; Owner: postgres
--

COPY public.auth_group (id, name) FROM stdin;
\.


--
-- TOC entry 4946 (class 0 OID 16421)
-- Dependencies: 226
-- Data for Name: auth_group_permissions; Type: TABLE DATA; Schema: public; Owner: postgres
--

COPY public.auth_group_permissions (id, group_id, permission_id) FROM stdin;
\.


--
-- TOC entry 4942 (class 0 OID 16407)
-- Dependencies: 222
-- Data for Name: auth_permission; Type: TABLE DATA; Schema: public; Owner: postgres
--

COPY public.auth_permission (id, name, content_type_id, codename) FROM stdin;
1	Can add log entry	1	add_logentry
2	Can change log entry	1	change_logentry
3	Can delete log entry	1	delete_logentry
4	Can view log entry	1	view_logentry
5	Can add permission	2	add_permission
6	Can change permission	2	change_permission
7	Can delete permission	2	delete_permission
8	Can view permission	2	view_permission
9	Can add group	3	add_group
10	Can change group	3	change_group
11	Can delete group	3	delete_group
12	Can view group	3	view_group
13	Can add user	4	add_user
14	Can change user	4	change_user
15	Can delete user	4	delete_user
16	Can view user	4	view_user
17	Can add content type	5	add_contenttype
18	Can change content type	5	change_contenttype
19	Can delete content type	5	delete_contenttype
20	Can view content type	5	view_contenttype
21	Can add session	6	add_session
22	Can change session	6	change_session
23	Can delete session	6	delete_session
24	Can view session	6	view_session
25	Can add bien	7	add_bien
26	Can change bien	7	change_bien
27	Can delete bien	7	delete_bien
28	Can view bien	7	view_bien
29	Can add reservation	8	add_reservation
30	Can change reservation	8	change_reservation
31	Can delete reservation	8	delete_reservation
32	Can view reservation	8	view_reservation
33	Can add avis	9	add_avis
34	Can change avis	9	change_avis
35	Can delete avis	9	delete_avis
36	Can view avis	9	view_avis
37	Can add reservation	10	add_reservation
38	Can change reservation	10	change_reservation
39	Can delete reservation	10	delete_reservation
40	Can view reservation	10	view_reservation
41	Can add bien	11	add_bien
42	Can change bien	11	change_bien
43	Can delete bien	11	delete_bien
44	Can view bien	11	view_bien
45	Can add avis	12	add_avis
46	Can change avis	12	change_avis
47	Can delete avis	12	delete_avis
48	Can view avis	12	view_avis
49	Can add user profile	13	add_userprofile
50	Can change user profile	13	change_userprofile
51	Can delete user profile	13	delete_userprofile
52	Can view user profile	13	view_userprofile
53	Can add review	14	add_review
54	Can change review	14	change_review
55	Can delete review	14	delete_review
56	Can view review	14	view_review
\.


--
-- TOC entry 4948 (class 0 OID 16427)
-- Dependencies: 228
-- Data for Name: auth_user; Type: TABLE DATA; Schema: public; Owner: postgres
--

COPY public.auth_user (id, password, last_login, is_superuser, username, first_name, last_name, email, is_staff, is_active, date_joined) FROM stdin;
2	pbkdf2_sha256$870000$aJwKzt54PFJSw0nbPBJFlT$wKaz+7DzERQF60jKhrpiQ6oJn6fa8xHhyFSbp5EkbtM=	2024-10-15 16:03:11.65514+00	f	n00306020221			n0030@gmail.com	f	t	2024-10-11 12:01:10.083656+00
6	pbkdf2_sha256$870000$jCky6pda2b5354B7CdVAL5$lspEFDf9isG3B9Do4TCOkmRqI/xnxnmfa1mDESr5NyA=	2024-10-15 17:33:22.537465+00	f	rachid			rachid@gmail.com	f	t	2024-10-15 17:33:20.328375+00
7	pbkdf2_sha256$870000$HRFE5rvc9m3x9YwBb2d99M$bMFoV90mvcQFfZ8dvBsgv40OmQriJ32XzIevyHs0rag=	2024-10-15 19:02:52.753527+00	f	rachid1			rachid1@gmail.com	f	t	2024-10-15 17:40:20.687663+00
1	pbkdf2_sha256$870000$S04Rr1bZ1kOlIMjmqgys7e$Ar96BLG/3XNSdq4jrwFRWql/fe0VujVUiY6Bo8rzevk=	2024-11-18 18:24:15.836534+00	t	user			sabdoulrachid10@gmail.com	t	t	2024-10-09 10:43:47.987212+00
5	pbkdf2_sha256$870000$vSGa0xD4q1TIqhqzB3W4fa$EQk1xkBAhydcktEy4FuoO22Brw6vB95aSJypNT/YmWg=	2024-10-13 01:15:17.826972+00	f	test2			test1@gmail.com	f	t	2024-10-13 01:13:16.561386+00
\.


--
-- TOC entry 4950 (class 0 OID 16435)
-- Dependencies: 230
-- Data for Name: auth_user_groups; Type: TABLE DATA; Schema: public; Owner: postgres
--

COPY public.auth_user_groups (id, user_id, group_id) FROM stdin;
\.


--
-- TOC entry 4952 (class 0 OID 16441)
-- Dependencies: 232
-- Data for Name: auth_user_user_permissions; Type: TABLE DATA; Schema: public; Owner: postgres
--

COPY public.auth_user_user_permissions (id, user_id, permission_id) FROM stdin;
\.


--
-- TOC entry 4954 (class 0 OID 16499)
-- Dependencies: 234
-- Data for Name: django_admin_log; Type: TABLE DATA; Schema: public; Owner: postgres
--

COPY public.django_admin_log (id, action_time, object_id, object_repr, action_flag, change_message, content_type_id, user_id) FROM stdin;
1	2024-10-10 11:00:59.703926+00	1	Immeuble R+1	1	[{"added": {}}]	11	1
2	2024-10-10 11:16:35.925346+00	2	Batiment F3	1	[{"added": {}}]	11	1
3	2024-10-12 03:41:57.423075+00	2	Batiment F3	2	[{"changed": {"fields": ["Image"]}}]	11	1
4	2024-10-12 03:42:17.068367+00	1	Immeuble R+1	2	[{"changed": {"fields": ["Image"]}}]	11	1
5	2024-10-12 03:46:17.597668+00	17	Réservation de n00306020221 pour Immeuble R+1	3		10	1
6	2024-10-12 03:46:17.597744+00	16	Réservation de n00306020221 pour Batiment F3	3		10	1
7	2024-10-12 03:46:17.597782+00	15	Réservation de n00306020221 pour Batiment F3	3		10	1
8	2024-10-12 03:46:17.597815+00	14	Réservation de n00306020221 pour Batiment F3	3		10	1
9	2024-10-12 23:24:03.382722+00	20	Réservation de n00306020221 pour Batiment F3	3		10	1
10	2024-10-12 23:24:13.701546+00	22	Réservation de n00306020221 pour Batiment F3	3		10	1
11	2024-10-12 23:24:13.701599+00	21	Réservation de n00306020221 pour Batiment F3	3		10	1
12	2024-10-12 23:24:13.701636+00	19	Réservation de n00306020221 pour Batiment F3	3		10	1
13	2024-10-12 23:24:13.701669+00	18	Réservation de n00306020221 pour Batiment F3	3		10	1
14	2024-10-12 23:54:09.545766+00	1	Immeuble R+1	2	[{"changed": {"fields": ["Image"]}}]	11	1
15	2024-10-12 23:54:23.181563+00	2	Batiment F3	2	[{"changed": {"fields": ["Image"]}}]	11	1
16	2024-10-12 23:57:43.999282+00	3	Mercedes c300	1	[{"added": {}}]	11	1
17	2024-10-13 01:12:37.406+00	3	test1	3		4	1
18	2024-10-13 02:19:19.458004+00	7	robe de mariage	3		11	1
19	2024-10-13 02:19:19.458076+00	6	robe de mariage	3		11	1
20	2024-10-14 02:21:24.061538+00	26	Réservation de n00306020221 pour Batiment F3	3		10	1
21	2024-10-14 02:21:24.0616+00	25	Réservation de test2 pour Batiment F3	3		10	1
22	2024-10-14 02:21:24.061629+00	24	Réservation de n00306020221 pour Batiment F3	3		10	1
23	2024-10-14 02:21:24.061652+00	23	Réservation de n00306020221 pour Immeuble R+1	3		10	1
24	2024-10-14 02:22:35.786126+00	3	Mercedes c300	2	[{"changed": {"fields": ["Date debut disponibilite", "Date fin disponibilite"]}}]	11	1
25	2024-10-14 02:22:35.856881+00	3	Mercedes c300	2	[{"changed": {"fields": ["Date debut disponibilite", "Date fin disponibilite"]}}]	11	1
26	2024-10-14 02:22:58.596845+00	8	robe de mariage2	2	[{"changed": {"fields": ["Date debut disponibilite", "Date fin disponibilite"]}}]	11	1
27	2024-10-14 02:23:11.044385+00	5	robe de mariage	2	[{"changed": {"fields": ["Date debut disponibilite", "Date fin disponibilite"]}}]	11	1
28	2024-10-14 02:23:38.445254+00	2	Batiment F3	2	[{"changed": {"fields": ["Date debut disponibilite", "Date fin disponibilite"]}}]	11	1
29	2024-10-14 07:24:43.724259+00	4	Avis de n00306020221 sur Mercedes c300	2	[]	12	1
30	2024-10-14 07:37:04.983414+00	4	Avis de n00306020221 sur Mercedes c300	3		12	1
31	2024-10-14 07:37:04.983473+00	3	Avis de n00306020221 sur Mercedes c300	3		12	1
32	2024-10-14 07:37:04.983508+00	2	Avis de n00306020221 sur Mercedes c300	3		12	1
33	2024-10-14 07:37:04.98354+00	1	Avis de n00306020221 sur Mercedes c300	3		12	1
34	2024-10-15 14:15:28.455226+00	8	robe de mariage2	3		11	1
35	2024-10-15 14:15:28.455334+00	5	robe de mariage	3		11	1
36	2024-10-15 15:12:15.580346+00	1	Immeuble R+1	2	[{"changed": {"fields": ["Date debut disponibilite"]}}]	11	1
\.


--
-- TOC entry 4940 (class 0 OID 16399)
-- Dependencies: 220
-- Data for Name: django_content_type; Type: TABLE DATA; Schema: public; Owner: postgres
--

COPY public.django_content_type (id, app_label, model) FROM stdin;
1	admin	logentry
2	auth	permission
3	auth	group
4	auth	user
5	contenttypes	contenttype
6	sessions	session
7	mon_projet	bien
8	mon_projet	reservation
9	mon_projet	avis
10	location_biens	reservation
11	location_biens	bien
12	location_biens	avis
13	location_biens	userprofile
14	location_biens	review
\.


--
-- TOC entry 4938 (class 0 OID 16391)
-- Dependencies: 218
-- Data for Name: django_migrations; Type: TABLE DATA; Schema: public; Owner: postgres
--

COPY public.django_migrations (id, app, name, applied) FROM stdin;
1	contenttypes	0001_initial	2024-10-09 02:24:08.480675+00
2	auth	0001_initial	2024-10-09 02:24:09.066194+00
3	admin	0001_initial	2024-10-09 02:24:09.186972+00
4	admin	0002_logentry_remove_auto_add	2024-10-09 02:24:09.196728+00
5	admin	0003_logentry_add_action_flag_choices	2024-10-09 02:24:09.20519+00
6	contenttypes	0002_remove_content_type_name	2024-10-09 02:24:09.296838+00
7	auth	0002_alter_permission_name_max_length	2024-10-09 02:24:09.330773+00
8	auth	0003_alter_user_email_max_length	2024-10-09 02:24:09.339985+00
9	auth	0004_alter_user_username_opts	2024-10-09 02:24:09.34894+00
10	auth	0005_alter_user_last_login_null	2024-10-09 02:24:09.358221+00
11	auth	0006_require_contenttypes_0002	2024-10-09 02:24:09.359863+00
12	auth	0007_alter_validators_add_error_messages	2024-10-09 02:24:09.374149+00
13	auth	0008_alter_user_username_max_length	2024-10-09 02:24:09.426678+00
14	auth	0009_alter_user_last_name_max_length	2024-10-09 02:24:09.436332+00
15	auth	0010_alter_group_name_max_length	2024-10-09 02:24:09.448342+00
16	auth	0011_update_proxy_permissions	2024-10-09 02:24:09.456949+00
17	auth	0012_alter_user_first_name_max_length	2024-10-09 02:24:09.465746+00
18	sessions	0001_initial	2024-10-09 02:24:09.49309+00
19	location_biens	0001_initial	2024-10-09 10:52:00.811293+00
20	location_biens	0002_reservation_date_reservation_reservation_utilisateur_and_more	2024-10-09 12:46:20.860597+00
21	location_biens	0003_bien_est_publié_bien_image_and_more	2024-10-12 02:57:43.485285+00
22	location_biens	0004_bien_date_debut_disponibilite_and_more	2024-10-14 02:20:06.54072+00
23	location_biens	0005_avis_date_creation_alter_avis_commentaire_and_more	2024-10-14 04:10:17.526557+00
24	location_biens	0006_avis_nom_utilisateur_bien_nom_bien_prix_and_more	2024-10-14 05:18:05.566084+00
25	location_biens	0007_review_alter_avis_options_alter_avis_bien_and_more	2024-10-14 06:25:41.382858+00
26	location_biens	0008_alter_avis_bien_alter_avis_date_creation	2024-10-14 06:33:18.955809+00
\.


--
-- TOC entry 4955 (class 0 OID 16527)
-- Dependencies: 235
-- Data for Name: django_session; Type: TABLE DATA; Schema: public; Owner: postgres
--

COPY public.django_session (session_key, session_data, expire_date) FROM stdin;
i98c691uc48r98ach1u20r8t1z5yn5b3	.eJxVjMEOwiAQRP-FsyEVKC4evfcbyC67SNXQpLQn47_bJj3ocea9mbeKuC4lrk3mOLK6qrM6_XaE6Sl1B_zAep90muoyj6R3RR-06WFied0O9--gYCvbGpw4MGQ8gEUEKwa6nCjknkwIjF76LXjKiM6mYG0XTL4AoTCwJ1GfL-mfOK4:1syUK6:Mv0iC5Rlzl6H-eouZH5F3xtsZ27bn7jTPdu-C3dUSt4	2024-10-23 10:53:42.170444+00
bhsjgu22f7he7wq27jue4r8x3wvnocf5	.eJxVjEEOwiAQRe_C2hBwhkJduu8ZyDADUjVtUtqV8e7apAvd_vfef6lI21rj1vISR1EXBer0uyXiR552IHeabrPmeVqXMeld0QdtepglP6-H-3dQqdVvHSB7KwLoS--MSBIGPHeUbAZTSi6JgDBgAWN96J0jj4iFxVHnmVm9P_k9OJQ:1szn8O:Mr13d5I9oTnevZkzetsCZ5LlumT1Rf6eUKik0LMZ0Rw	2024-10-27 01:11:00.606397+00
\.


--
-- TOC entry 4959 (class 0 OID 16546)
-- Dependencies: 239
-- Data for Name: location_biens_avis; Type: TABLE DATA; Schema: public; Owner: postgres
--

COPY public.location_biens_avis (id, note, commentaire, utilisateur_id, bien_id, date_creation, nom_utilisateur) FROM stdin;
5	5	très bon, je recommande	2	3	2024-10-14 07:38:39.215473+00	Anonyme
6	5	parfait	7	1	2024-10-15 19:00:12.111057+00	Anonyme
7	5	bien	7	1	2024-10-15 19:25:44.459694+00	Anonyme
\.


--
-- TOC entry 4957 (class 0 OID 16538)
-- Dependencies: 237
-- Data for Name: location_biens_bien; Type: TABLE DATA; Schema: public; Owner: postgres
--

COPY public.location_biens_bien (id, titre, description, prix_par_jour, disponible, date_creation, proprietaire_id, "est_publié", image, date_debut_disponibilite, date_fin_disponibilite, nom, prix) FROM stdin;
3	Mercedes c300	Mercedes 300 en location à Ouagadougou pour vos déplacements	45000.00	t	2024-10-12 23:57:43.963179+00	1	t	biens/mercedes-benz-c-300-l-01.jpg	2024-10-14	2024-12-31	Nom par défaut	0.00
2	Batiment F3	luxueux et paradisiaque	20000.00	t	2024-10-10 11:16:35.755272+00	1	t	biens/villa_f3.jpg	2024-10-14	2025-07-31	Nom par défaut	0.00
1	Immeuble R+1	immeuble luxueux R+1 à Ouagadougou	50000.00	t	2024-10-10 11:00:59.547103+00	1	t	biens/Maison_R1.jpg	2024-10-15	2024-01-01	Nom par défaut	0.00
\.


--
-- TOC entry 4961 (class 0 OID 16554)
-- Dependencies: 241
-- Data for Name: location_biens_reservation; Type: TABLE DATA; Schema: public; Owner: postgres
--

COPY public.location_biens_reservation (id, date_debut, date_fin, montant_total, confirme, bien_id, locataire_id, date_reservation, utilisateur_id) FROM stdin;
27	2024-10-06	2024-10-30	1200000.00	f	1	1	2024-10-14	1
28	2024-10-30	2024-11-10	550000.00	f	1	2	2024-10-14	1
31	2025-04-12	2025-04-15	60000.00	f	2	2	2024-10-15	1
32	2024-10-17	2024-10-23	270000.00	f	3	7	2024-10-15	1
33	2024-10-17	2024-11-10	480000.00	f	2	7	2024-10-17	1
\.


--
-- TOC entry 4965 (class 0 OID 16633)
-- Dependencies: 245
-- Data for Name: location_biens_review; Type: TABLE DATA; Schema: public; Owner: postgres
--

COPY public.location_biens_review (id, content, rating) FROM stdin;
\.


--
-- TOC entry 4963 (class 0 OID 16607)
-- Dependencies: 243
-- Data for Name: location_biens_userprofile; Type: TABLE DATA; Schema: public; Owner: postgres
--

COPY public.location_biens_userprofile (id, phone_number, address, bio, user_id) FROM stdin;
\.


--
-- TOC entry 4971 (class 0 OID 0)
-- Dependencies: 223
-- Name: auth_group_id_seq; Type: SEQUENCE SET; Schema: public; Owner: postgres
--

SELECT pg_catalog.setval('public.auth_group_id_seq', 1, false);


--
-- TOC entry 4972 (class 0 OID 0)
-- Dependencies: 225
-- Name: auth_group_permissions_id_seq; Type: SEQUENCE SET; Schema: public; Owner: postgres
--

SELECT pg_catalog.setval('public.auth_group_permissions_id_seq', 1, false);


--
-- TOC entry 4973 (class 0 OID 0)
-- Dependencies: 221
-- Name: auth_permission_id_seq; Type: SEQUENCE SET; Schema: public; Owner: postgres
--

SELECT pg_catalog.setval('public.auth_permission_id_seq', 56, true);


--
-- TOC entry 4974 (class 0 OID 0)
-- Dependencies: 229
-- Name: auth_user_groups_id_seq; Type: SEQUENCE SET; Schema: public; Owner: postgres
--

SELECT pg_catalog.setval('public.auth_user_groups_id_seq', 1, false);


--
-- TOC entry 4975 (class 0 OID 0)
-- Dependencies: 227
-- Name: auth_user_id_seq; Type: SEQUENCE SET; Schema: public; Owner: postgres
--

SELECT pg_catalog.setval('public.auth_user_id_seq', 7, true);


--
-- TOC entry 4976 (class 0 OID 0)
-- Dependencies: 231
-- Name: auth_user_user_permissions_id_seq; Type: SEQUENCE SET; Schema: public; Owner: postgres
--

SELECT pg_catalog.setval('public.auth_user_user_permissions_id_seq', 1, false);


--
-- TOC entry 4977 (class 0 OID 0)
-- Dependencies: 233
-- Name: django_admin_log_id_seq; Type: SEQUENCE SET; Schema: public; Owner: postgres
--

SELECT pg_catalog.setval('public.django_admin_log_id_seq', 36, true);


--
-- TOC entry 4978 (class 0 OID 0)
-- Dependencies: 219
-- Name: django_content_type_id_seq; Type: SEQUENCE SET; Schema: public; Owner: postgres
--

SELECT pg_catalog.setval('public.django_content_type_id_seq', 14, true);


--
-- TOC entry 4979 (class 0 OID 0)
-- Dependencies: 217
-- Name: django_migrations_id_seq; Type: SEQUENCE SET; Schema: public; Owner: postgres
--

SELECT pg_catalog.setval('public.django_migrations_id_seq', 26, true);


--
-- TOC entry 4980 (class 0 OID 0)
-- Dependencies: 238
-- Name: location_biens_avis_id_seq; Type: SEQUENCE SET; Schema: public; Owner: postgres
--

SELECT pg_catalog.setval('public.location_biens_avis_id_seq', 7, true);


--
-- TOC entry 4981 (class 0 OID 0)
-- Dependencies: 236
-- Name: location_biens_bien_id_seq; Type: SEQUENCE SET; Schema: public; Owner: postgres
--

SELECT pg_catalog.setval('public.location_biens_bien_id_seq', 8, true);


--
-- TOC entry 4982 (class 0 OID 0)
-- Dependencies: 240
-- Name: location_biens_reservation_id_seq; Type: SEQUENCE SET; Schema: public; Owner: postgres
--

SELECT pg_catalog.setval('public.location_biens_reservation_id_seq', 33, true);


--
-- TOC entry 4983 (class 0 OID 0)
-- Dependencies: 244
-- Name: location_biens_review_id_seq; Type: SEQUENCE SET; Schema: public; Owner: postgres
--

SELECT pg_catalog.setval('public.location_biens_review_id_seq', 1, false);


--
-- TOC entry 4984 (class 0 OID 0)
-- Dependencies: 242
-- Name: location_biens_userprofile_id_seq; Type: SEQUENCE SET; Schema: public; Owner: postgres
--

SELECT pg_catalog.setval('public.location_biens_userprofile_id_seq', 1, false);


--
-- TOC entry 4724 (class 2606 OID 16525)
-- Name: auth_group auth_group_name_key; Type: CONSTRAINT; Schema: public; Owner: postgres
--

ALTER TABLE ONLY public.auth_group
    ADD CONSTRAINT auth_group_name_key UNIQUE (name);


--
-- TOC entry 4729 (class 2606 OID 16456)
-- Name: auth_group_permissions auth_group_permissions_group_id_permission_id_0cd325b0_uniq; Type: CONSTRAINT; Schema: public; Owner: postgres
--

ALTER TABLE ONLY public.auth_group_permissions
    ADD CONSTRAINT auth_group_permissions_group_id_permission_id_0cd325b0_uniq UNIQUE (group_id, permission_id);


--
-- TOC entry 4732 (class 2606 OID 16425)
-- Name: auth_group_permissions auth_group_permissions_pkey; Type: CONSTRAINT; Schema: public; Owner: postgres
--

ALTER TABLE ONLY public.auth_group_permissions
    ADD CONSTRAINT auth_group_permissions_pkey PRIMARY KEY (id);


--
-- TOC entry 4726 (class 2606 OID 16417)
-- Name: auth_group auth_group_pkey; Type: CONSTRAINT; Schema: public; Owner: postgres
--

ALTER TABLE ONLY public.auth_group
    ADD CONSTRAINT auth_group_pkey PRIMARY KEY (id);


--
-- TOC entry 4719 (class 2606 OID 16447)
-- Name: auth_permission auth_permission_content_type_id_codename_01ab375a_uniq; Type: CONSTRAINT; Schema: public; Owner: postgres
--

ALTER TABLE ONLY public.auth_permission
    ADD CONSTRAINT auth_permission_content_type_id_codename_01ab375a_uniq UNIQUE (content_type_id, codename);


--
-- TOC entry 4721 (class 2606 OID 16411)
-- Name: auth_permission auth_permission_pkey; Type: CONSTRAINT; Schema: public; Owner: postgres
--

ALTER TABLE ONLY public.auth_permission
    ADD CONSTRAINT auth_permission_pkey PRIMARY KEY (id);


--
-- TOC entry 4740 (class 2606 OID 16439)
-- Name: auth_user_groups auth_user_groups_pkey; Type: CONSTRAINT; Schema: public; Owner: postgres
--

ALTER TABLE ONLY public.auth_user_groups
    ADD CONSTRAINT auth_user_groups_pkey PRIMARY KEY (id);


--
-- TOC entry 4743 (class 2606 OID 16471)
-- Name: auth_user_groups auth_user_groups_user_id_group_id_94350c0c_uniq; Type: CONSTRAINT; Schema: public; Owner: postgres
--

ALTER TABLE ONLY public.auth_user_groups
    ADD CONSTRAINT auth_user_groups_user_id_group_id_94350c0c_uniq UNIQUE (user_id, group_id);


--
-- TOC entry 4734 (class 2606 OID 16431)
-- Name: auth_user auth_user_pkey; Type: CONSTRAINT; Schema: public; Owner: postgres
--

ALTER TABLE ONLY public.auth_user
    ADD CONSTRAINT auth_user_pkey PRIMARY KEY (id);


--
-- TOC entry 4746 (class 2606 OID 16445)
-- Name: auth_user_user_permissions auth_user_user_permissions_pkey; Type: CONSTRAINT; Schema: public; Owner: postgres
--

ALTER TABLE ONLY public.auth_user_user_permissions
    ADD CONSTRAINT auth_user_user_permissions_pkey PRIMARY KEY (id);


--
-- TOC entry 4749 (class 2606 OID 16485)
-- Name: auth_user_user_permissions auth_user_user_permissions_user_id_permission_id_14a6b632_uniq; Type: CONSTRAINT; Schema: public; Owner: postgres
--

ALTER TABLE ONLY public.auth_user_user_permissions
    ADD CONSTRAINT auth_user_user_permissions_user_id_permission_id_14a6b632_uniq UNIQUE (user_id, permission_id);


--
-- TOC entry 4737 (class 2606 OID 16520)
-- Name: auth_user auth_user_username_key; Type: CONSTRAINT; Schema: public; Owner: postgres
--

ALTER TABLE ONLY public.auth_user
    ADD CONSTRAINT auth_user_username_key UNIQUE (username);


--
-- TOC entry 4752 (class 2606 OID 16506)
-- Name: django_admin_log django_admin_log_pkey; Type: CONSTRAINT; Schema: public; Owner: postgres
--

ALTER TABLE ONLY public.django_admin_log
    ADD CONSTRAINT django_admin_log_pkey PRIMARY KEY (id);


--
-- TOC entry 4714 (class 2606 OID 16405)
-- Name: django_content_type django_content_type_app_label_model_76bd3d3b_uniq; Type: CONSTRAINT; Schema: public; Owner: postgres
--

ALTER TABLE ONLY public.django_content_type
    ADD CONSTRAINT django_content_type_app_label_model_76bd3d3b_uniq UNIQUE (app_label, model);


--
-- TOC entry 4716 (class 2606 OID 16403)
-- Name: django_content_type django_content_type_pkey; Type: CONSTRAINT; Schema: public; Owner: postgres
--

ALTER TABLE ONLY public.django_content_type
    ADD CONSTRAINT django_content_type_pkey PRIMARY KEY (id);


--
-- TOC entry 4712 (class 2606 OID 16397)
-- Name: django_migrations django_migrations_pkey; Type: CONSTRAINT; Schema: public; Owner: postgres
--

ALTER TABLE ONLY public.django_migrations
    ADD CONSTRAINT django_migrations_pkey PRIMARY KEY (id);


--
-- TOC entry 4756 (class 2606 OID 16533)
-- Name: django_session django_session_pkey; Type: CONSTRAINT; Schema: public; Owner: postgres
--

ALTER TABLE ONLY public.django_session
    ADD CONSTRAINT django_session_pkey PRIMARY KEY (session_key);


--
-- TOC entry 4763 (class 2606 OID 16552)
-- Name: location_biens_avis location_biens_avis_pkey; Type: CONSTRAINT; Schema: public; Owner: postgres
--

ALTER TABLE ONLY public.location_biens_avis
    ADD CONSTRAINT location_biens_avis_pkey PRIMARY KEY (id);


--
-- TOC entry 4759 (class 2606 OID 16544)
-- Name: location_biens_bien location_biens_bien_pkey; Type: CONSTRAINT; Schema: public; Owner: postgres
--

ALTER TABLE ONLY public.location_biens_bien
    ADD CONSTRAINT location_biens_bien_pkey PRIMARY KEY (id);


--
-- TOC entry 4768 (class 2606 OID 16558)
-- Name: location_biens_reservation location_biens_reservation_pkey; Type: CONSTRAINT; Schema: public; Owner: postgres
--

ALTER TABLE ONLY public.location_biens_reservation
    ADD CONSTRAINT location_biens_reservation_pkey PRIMARY KEY (id);


--
-- TOC entry 4775 (class 2606 OID 16639)
-- Name: location_biens_review location_biens_review_pkey; Type: CONSTRAINT; Schema: public; Owner: postgres
--

ALTER TABLE ONLY public.location_biens_review
    ADD CONSTRAINT location_biens_review_pkey PRIMARY KEY (id);


--
-- TOC entry 4771 (class 2606 OID 16613)
-- Name: location_biens_userprofile location_biens_userprofile_pkey; Type: CONSTRAINT; Schema: public; Owner: postgres
--

ALTER TABLE ONLY public.location_biens_userprofile
    ADD CONSTRAINT location_biens_userprofile_pkey PRIMARY KEY (id);


--
-- TOC entry 4773 (class 2606 OID 16615)
-- Name: location_biens_userprofile location_biens_userprofile_user_id_key; Type: CONSTRAINT; Schema: public; Owner: postgres
--

ALTER TABLE ONLY public.location_biens_userprofile
    ADD CONSTRAINT location_biens_userprofile_user_id_key UNIQUE (user_id);


--
-- TOC entry 4722 (class 1259 OID 16526)
-- Name: auth_group_name_a6ea08ec_like; Type: INDEX; Schema: public; Owner: postgres
--

CREATE INDEX auth_group_name_a6ea08ec_like ON public.auth_group USING btree (name varchar_pattern_ops);


--
-- TOC entry 4727 (class 1259 OID 16467)
-- Name: auth_group_permissions_group_id_b120cbf9; Type: INDEX; Schema: public; Owner: postgres
--

CREATE INDEX auth_group_permissions_group_id_b120cbf9 ON public.auth_group_permissions USING btree (group_id);


--
-- TOC entry 4730 (class 1259 OID 16468)
-- Name: auth_group_permissions_permission_id_84c5c92e; Type: INDEX; Schema: public; Owner: postgres
--

CREATE INDEX auth_group_permissions_permission_id_84c5c92e ON public.auth_group_permissions USING btree (permission_id);


--
-- TOC entry 4717 (class 1259 OID 16453)
-- Name: auth_permission_content_type_id_2f476e4b; Type: INDEX; Schema: public; Owner: postgres
--

CREATE INDEX auth_permission_content_type_id_2f476e4b ON public.auth_permission USING btree (content_type_id);


--
-- TOC entry 4738 (class 1259 OID 16483)
-- Name: auth_user_groups_group_id_97559544; Type: INDEX; Schema: public; Owner: postgres
--

CREATE INDEX auth_user_groups_group_id_97559544 ON public.auth_user_groups USING btree (group_id);


--
-- TOC entry 4741 (class 1259 OID 16482)
-- Name: auth_user_groups_user_id_6a12ed8b; Type: INDEX; Schema: public; Owner: postgres
--

CREATE INDEX auth_user_groups_user_id_6a12ed8b ON public.auth_user_groups USING btree (user_id);


--
-- TOC entry 4744 (class 1259 OID 16497)
-- Name: auth_user_user_permissions_permission_id_1fbb5f2c; Type: INDEX; Schema: public; Owner: postgres
--

CREATE INDEX auth_user_user_permissions_permission_id_1fbb5f2c ON public.auth_user_user_permissions USING btree (permission_id);


--
-- TOC entry 4747 (class 1259 OID 16496)
-- Name: auth_user_user_permissions_user_id_a95ead1b; Type: INDEX; Schema: public; Owner: postgres
--

CREATE INDEX auth_user_user_permissions_user_id_a95ead1b ON public.auth_user_user_permissions USING btree (user_id);


--
-- TOC entry 4735 (class 1259 OID 16521)
-- Name: auth_user_username_6821ab7c_like; Type: INDEX; Schema: public; Owner: postgres
--

CREATE INDEX auth_user_username_6821ab7c_like ON public.auth_user USING btree (username varchar_pattern_ops);


--
-- TOC entry 4750 (class 1259 OID 16517)
-- Name: django_admin_log_content_type_id_c4bce8eb; Type: INDEX; Schema: public; Owner: postgres
--

CREATE INDEX django_admin_log_content_type_id_c4bce8eb ON public.django_admin_log USING btree (content_type_id);


--
-- TOC entry 4753 (class 1259 OID 16518)
-- Name: django_admin_log_user_id_c564eba6; Type: INDEX; Schema: public; Owner: postgres
--

CREATE INDEX django_admin_log_user_id_c564eba6 ON public.django_admin_log USING btree (user_id);


--
-- TOC entry 4754 (class 1259 OID 16535)
-- Name: django_session_expire_date_a5c62663; Type: INDEX; Schema: public; Owner: postgres
--

CREATE INDEX django_session_expire_date_a5c62663 ON public.django_session USING btree (expire_date);


--
-- TOC entry 4757 (class 1259 OID 16534)
-- Name: django_session_session_key_c0390e0f_like; Type: INDEX; Schema: public; Owner: postgres
--

CREATE INDEX django_session_session_key_c0390e0f_like ON public.django_session USING btree (session_key varchar_pattern_ops);


--
-- TOC entry 4761 (class 1259 OID 16576)
-- Name: location_biens_avis_bien_id_ef48654e; Type: INDEX; Schema: public; Owner: postgres
--

CREATE INDEX location_biens_avis_bien_id_ef48654e ON public.location_biens_avis USING btree (bien_id);


--
-- TOC entry 4764 (class 1259 OID 16575)
-- Name: location_biens_avis_utilisateur_id_13eabf85; Type: INDEX; Schema: public; Owner: postgres
--

CREATE INDEX location_biens_avis_utilisateur_id_13eabf85 ON public.location_biens_avis USING btree (utilisateur_id);


--
-- TOC entry 4760 (class 1259 OID 16646)
-- Name: location_biens_bien_proprietaire_id_10e1680e; Type: INDEX; Schema: public; Owner: postgres
--

CREATE INDEX location_biens_bien_proprietaire_id_10e1680e ON public.location_biens_bien USING btree (proprietaire_id);


--
-- TOC entry 4765 (class 1259 OID 16587)
-- Name: location_biens_reservation_bien_id_62fd5179; Type: INDEX; Schema: public; Owner: postgres
--

CREATE INDEX location_biens_reservation_bien_id_62fd5179 ON public.location_biens_reservation USING btree (bien_id);


--
-- TOC entry 4766 (class 1259 OID 16588)
-- Name: location_biens_reservation_locataire_id_2b5f0bc2; Type: INDEX; Schema: public; Owner: postgres
--

CREATE INDEX location_biens_reservation_locataire_id_2b5f0bc2 ON public.location_biens_reservation USING btree (locataire_id);


--
-- TOC entry 4769 (class 1259 OID 16597)
-- Name: location_biens_reservation_utilisateur_id_9a066806; Type: INDEX; Schema: public; Owner: postgres
--

CREATE INDEX location_biens_reservation_utilisateur_id_9a066806 ON public.location_biens_reservation USING btree (utilisateur_id);


--
-- TOC entry 4777 (class 2606 OID 16462)
-- Name: auth_group_permissions auth_group_permissio_permission_id_84c5c92e_fk_auth_perm; Type: FK CONSTRAINT; Schema: public; Owner: postgres
--

ALTER TABLE ONLY public.auth_group_permissions
    ADD CONSTRAINT auth_group_permissio_permission_id_84c5c92e_fk_auth_perm FOREIGN KEY (permission_id) REFERENCES public.auth_permission(id) DEFERRABLE INITIALLY DEFERRED;


--
-- TOC entry 4778 (class 2606 OID 16457)
-- Name: auth_group_permissions auth_group_permissions_group_id_b120cbf9_fk_auth_group_id; Type: FK CONSTRAINT; Schema: public; Owner: postgres
--

ALTER TABLE ONLY public.auth_group_permissions
    ADD CONSTRAINT auth_group_permissions_group_id_b120cbf9_fk_auth_group_id FOREIGN KEY (group_id) REFERENCES public.auth_group(id) DEFERRABLE INITIALLY DEFERRED;


--
-- TOC entry 4776 (class 2606 OID 16448)
-- Name: auth_permission auth_permission_content_type_id_2f476e4b_fk_django_co; Type: FK CONSTRAINT; Schema: public; Owner: postgres
--

ALTER TABLE ONLY public.auth_permission
    ADD CONSTRAINT auth_permission_content_type_id_2f476e4b_fk_django_co FOREIGN KEY (content_type_id) REFERENCES public.django_content_type(id) DEFERRABLE INITIALLY DEFERRED;


--
-- TOC entry 4779 (class 2606 OID 16477)
-- Name: auth_user_groups auth_user_groups_group_id_97559544_fk_auth_group_id; Type: FK CONSTRAINT; Schema: public; Owner: postgres
--

ALTER TABLE ONLY public.auth_user_groups
    ADD CONSTRAINT auth_user_groups_group_id_97559544_fk_auth_group_id FOREIGN KEY (group_id) REFERENCES public.auth_group(id) DEFERRABLE INITIALLY DEFERRED;


--
-- TOC entry 4780 (class 2606 OID 16472)
-- Name: auth_user_groups auth_user_groups_user_id_6a12ed8b_fk_auth_user_id; Type: FK CONSTRAINT; Schema: public; Owner: postgres
--

ALTER TABLE ONLY public.auth_user_groups
    ADD CONSTRAINT auth_user_groups_user_id_6a12ed8b_fk_auth_user_id FOREIGN KEY (user_id) REFERENCES public.auth_user(id) DEFERRABLE INITIALLY DEFERRED;


--
-- TOC entry 4781 (class 2606 OID 16491)
-- Name: auth_user_user_permissions auth_user_user_permi_permission_id_1fbb5f2c_fk_auth_perm; Type: FK CONSTRAINT; Schema: public; Owner: postgres
--

ALTER TABLE ONLY public.auth_user_user_permissions
    ADD CONSTRAINT auth_user_user_permi_permission_id_1fbb5f2c_fk_auth_perm FOREIGN KEY (permission_id) REFERENCES public.auth_permission(id) DEFERRABLE INITIALLY DEFERRED;


--
-- TOC entry 4782 (class 2606 OID 16486)
-- Name: auth_user_user_permissions auth_user_user_permissions_user_id_a95ead1b_fk_auth_user_id; Type: FK CONSTRAINT; Schema: public; Owner: postgres
--

ALTER TABLE ONLY public.auth_user_user_permissions
    ADD CONSTRAINT auth_user_user_permissions_user_id_a95ead1b_fk_auth_user_id FOREIGN KEY (user_id) REFERENCES public.auth_user(id) DEFERRABLE INITIALLY DEFERRED;


--
-- TOC entry 4783 (class 2606 OID 16507)
-- Name: django_admin_log django_admin_log_content_type_id_c4bce8eb_fk_django_co; Type: FK CONSTRAINT; Schema: public; Owner: postgres
--

ALTER TABLE ONLY public.django_admin_log
    ADD CONSTRAINT django_admin_log_content_type_id_c4bce8eb_fk_django_co FOREIGN KEY (content_type_id) REFERENCES public.django_content_type(id) DEFERRABLE INITIALLY DEFERRED;


--
-- TOC entry 4784 (class 2606 OID 16512)
-- Name: django_admin_log django_admin_log_user_id_c564eba6_fk_auth_user_id; Type: FK CONSTRAINT; Schema: public; Owner: postgres
--

ALTER TABLE ONLY public.django_admin_log
    ADD CONSTRAINT django_admin_log_user_id_c564eba6_fk_auth_user_id FOREIGN KEY (user_id) REFERENCES public.auth_user(id) DEFERRABLE INITIALLY DEFERRED;


--
-- TOC entry 4786 (class 2606 OID 16570)
-- Name: location_biens_avis location_biens_avis_bien_id_ef48654e_fk_location_biens_bien_id; Type: FK CONSTRAINT; Schema: public; Owner: postgres
--

ALTER TABLE ONLY public.location_biens_avis
    ADD CONSTRAINT location_biens_avis_bien_id_ef48654e_fk_location_biens_bien_id FOREIGN KEY (bien_id) REFERENCES public.location_biens_bien(id) DEFERRABLE INITIALLY DEFERRED;


--
-- TOC entry 4787 (class 2606 OID 16565)
-- Name: location_biens_avis location_biens_avis_utilisateur_id_13eabf85_fk_auth_user_id; Type: FK CONSTRAINT; Schema: public; Owner: postgres
--

ALTER TABLE ONLY public.location_biens_avis
    ADD CONSTRAINT location_biens_avis_utilisateur_id_13eabf85_fk_auth_user_id FOREIGN KEY (utilisateur_id) REFERENCES public.auth_user(id) DEFERRABLE INITIALLY DEFERRED;


--
-- TOC entry 4785 (class 2606 OID 16647)
-- Name: location_biens_bien location_biens_bien_proprietaire_id_10e1680e_fk_auth_user_id; Type: FK CONSTRAINT; Schema: public; Owner: postgres
--

ALTER TABLE ONLY public.location_biens_bien
    ADD CONSTRAINT location_biens_bien_proprietaire_id_10e1680e_fk_auth_user_id FOREIGN KEY (proprietaire_id) REFERENCES public.auth_user(id) DEFERRABLE INITIALLY DEFERRED;


--
-- TOC entry 4788 (class 2606 OID 16577)
-- Name: location_biens_reservation location_biens_reser_bien_id_62fd5179_fk_location_; Type: FK CONSTRAINT; Schema: public; Owner: postgres
--

ALTER TABLE ONLY public.location_biens_reservation
    ADD CONSTRAINT location_biens_reser_bien_id_62fd5179_fk_location_ FOREIGN KEY (bien_id) REFERENCES public.location_biens_bien(id) DEFERRABLE INITIALLY DEFERRED;


--
-- TOC entry 4789 (class 2606 OID 16582)
-- Name: location_biens_reservation location_biens_reser_locataire_id_2b5f0bc2_fk_auth_user; Type: FK CONSTRAINT; Schema: public; Owner: postgres
--

ALTER TABLE ONLY public.location_biens_reservation
    ADD CONSTRAINT location_biens_reser_locataire_id_2b5f0bc2_fk_auth_user FOREIGN KEY (locataire_id) REFERENCES public.auth_user(id) DEFERRABLE INITIALLY DEFERRED;


--
-- TOC entry 4790 (class 2606 OID 16592)
-- Name: location_biens_reservation location_biens_reser_utilisateur_id_9a066806_fk_auth_user; Type: FK CONSTRAINT; Schema: public; Owner: postgres
--

ALTER TABLE ONLY public.location_biens_reservation
    ADD CONSTRAINT location_biens_reser_utilisateur_id_9a066806_fk_auth_user FOREIGN KEY (utilisateur_id) REFERENCES public.auth_user(id) DEFERRABLE INITIALLY DEFERRED;


--
-- TOC entry 4791 (class 2606 OID 16616)
-- Name: location_biens_userprofile location_biens_userprofile_user_id_323a40fd_fk_auth_user_id; Type: FK CONSTRAINT; Schema: public; Owner: postgres
--

ALTER TABLE ONLY public.location_biens_userprofile
    ADD CONSTRAINT location_biens_userprofile_user_id_323a40fd_fk_auth_user_id FOREIGN KEY (user_id) REFERENCES public.auth_user(id) DEFERRABLE INITIALLY DEFERRED;


-- Completed on 2024-11-18 19:24:16

--
-- PostgreSQL database dump complete
--

